sequential_site,reference_site,structure_site,region
1,22,-1_a,alpha chain
2,23,1_a,alpha chain
3,24,2_a,alpha chain
4,25,3_a,alpha chain
5,26,4_a,alpha chain
6,27,5_a,alpha chain
7,28,6_a,alpha chain
8,29,7_a,alpha chain
9,30,8_a,alpha chain
10,31,9_a,alpha chain
11,32,10_a,alpha chain
12,33,11_a,alpha chain
13,34,12_a,alpha chain
14,35,13_a,alpha chain
15,36,14_a,alpha chain
16,37,15_a,alpha chain
17,38,16_a,alpha chain
18,39,17_a,alpha chain
19,40,18_a,alpha chain
20,41,19_a,alpha chain
21,42,20_a,alpha chain
22,43,21_a,alpha chain
23,44,22_a,alpha chain
24,45,23_a,alpha chain
25,46,24_a,alpha chain
26,47,25_a,alpha chain
27,48,26_a,alpha chain
28,49,27_a,alpha chain
29,50,28_a,alpha chain
30,51,29_a,alpha chain
31,52,30_a,alpha chain
32,53,31_a,alpha chain
33,54,32_a,alpha chain
34,55,33_a,alpha chain
35,56,34_a,alpha chain
36,57,35_a,alpha chain
37,58,36_a,alpha chain
38,59,37_a,alpha chain
39,60,38_a,alpha chain
40,61,39_a,alpha chain
41,62,40_a,alpha chain
42,63,41_a,alpha chain
43,64,42_a,alpha chain
44,65,43_a,alpha chain
45,66,44_a,alpha chain
46,67,45_a,alpha chain
47,68,46_a,alpha chain
48,69,47_a,alpha chain
49,70,48_a,alpha chain
50,71,49_a,alpha chain
51,72,50_a,alpha chain
52,73,51_a,alpha chain
53,74,52_a,alpha chain
54,75,53_a,alpha chain
55,76,54_a,alpha chain
56,77,55_a,alpha chain
57,78,56_a,alpha chain
58,79,57_a,alpha chain
59,80,58_a,alpha chain
60,81,59_a,alpha chain
61,82,60_a,alpha chain
62,83,61_a,alpha chain
63,84,62_a,alpha chain
64,85,63_a,alpha chain
65,86,64_a,alpha chain
66,87,65_a,alpha chain
67,88,66_a,alpha chain
68,89,67_a,alpha chain
69,90,68_a,alpha chain
70,91,69_a,alpha chain
71,92,70_a,alpha chain
72,93,71_a,alpha chain
73,94,72_a,alpha chain
74,95,73_a,alpha chain
75,96,74_a,alpha chain
76,97,75_a,alpha chain
77,98,76_a,alpha chain
78,99,77_a,alpha chain
79,100,78_a,alpha chain
80,101,79_a,alpha chain
81,102,80_a,alpha chain
82,103,81_a,alpha chain
83,104,82_a,alpha chain
84,105,83_a,alpha chain
85,106,84_a,alpha chain
86,107,85_a,alpha chain
87,108,86_a,alpha chain
88,109,87_a,alpha chain
89,110,88_a,alpha chain
90,111,89_a,alpha chain
91,112,90_a,alpha chain
92,113,91_a,alpha chain
93,114,92_a,alpha chain
94,115,93_a,alpha chain
95,116,94_a,alpha chain
96,117,95_a,alpha chain
97,118,96_a,alpha chain
98,119,97_a,alpha chain
99,120,98_a,alpha chain
100,121,99_a,alpha chain
101,122,100_a,alpha chain
102,123,101_a,alpha chain
103,124,102_a,alpha chain
104,125,103_a,alpha chain
105,126,104_a,alpha chain
106,127,105_a,alpha chain
107,128,106_a,alpha chain
108,129,107_a,alpha chain
109,130,108_a,alpha chain
110,131,109_a,alpha chain
111,132,110_a,alpha chain
112,133,111_a,alpha chain
113,134,112_a,alpha chain
114,135,113_a,alpha chain
115,136,114_a,alpha chain
116,137,115_a,alpha chain
117,138,116_a,alpha chain
118,139,117_a,alpha chain
119,140,118_a,alpha chain
120,141,119_a,alpha chain
121,142,120_a,alpha chain
122,143,121_a,alpha chain
123,144,122_a,alpha chain
124,145,123_a,alpha chain
125,146,124_a,alpha chain
126,147,125_a,alpha chain
127,148,126_a,alpha chain
128,149,127_a,alpha chain
129,150,128_a,alpha chain
130,151,129_a,alpha chain
131,152,130_a,alpha chain
132,153,131_a,alpha chain
133,154,132_a,alpha chain
134,155,133_a,alpha chain
135,156,134_a,alpha chain
136,157,135_a,alpha chain
137,158,136_a,alpha chain
138,159,137_a,alpha chain
139,160,138_a,alpha chain
140,161,139_a,alpha chain
141,162,140_a,alpha chain
142,163,141_a,alpha chain
143,164,142_a,alpha chain
144,165,143_a,alpha chain
145,166,144_a,alpha chain
146,167,145_a,alpha chain
147,168,146_a,alpha chain
148,169,147_a,alpha chain
149,170,148_a,alpha chain
150,171,149_a,alpha chain
151,172,150_a,alpha chain
152,173,151_a,alpha chain
153,174,152_a,alpha chain
154,175,153_a,alpha chain
155,176,154_a,alpha chain
156,177,155_a,alpha chain
157,178,156_a,alpha chain
158,179,157_a,alpha chain
159,180,158_a,alpha chain
160,181,159_a,alpha chain
161,182,160_a,alpha chain
162,183,161_a,alpha chain
163,184,162_a,alpha chain
164,185,163_a,alpha chain
165,186,164_a,alpha chain
166,187,165_a,alpha chain
167,188,166_a,alpha chain
168,189,167_a,alpha chain
169,190,168_a,alpha chain
170,191,169_a,alpha chain
171,192,170_a,alpha chain
172,193,171_a,alpha chain
173,194,172_a,alpha chain
174,195,173_a,alpha chain
175,196,174_a,alpha chain
176,197,175_a,alpha chain
177,198,176_a,alpha chain
178,199,177_a,alpha chain
179,200,178_a,alpha chain
180,201,179_a,alpha chain
181,202,180_a,alpha chain
182,203,181_a,alpha chain
183,204,182_a,alpha chain
184,205,183_a,alpha chain
185,206,184_a,alpha chain
186,207,185_a,alpha chain
187,208,186_a,alpha chain
188,209,187_a,alpha chain
189,210,188_a,alpha chain
190,211,189_a,alpha chain
191,212,190_a,alpha chain
192,213,191_a,alpha chain
193,214,192_a,alpha chain
194,215,193_a,alpha chain
195,216,194_a,alpha chain
196,217,195_a,alpha chain
197,218,NA,alpha chain TM
198,219,NA,alpha chain TM
199,220,NA,alpha chain TM
200,221,NA,alpha chain TM
201,222,NA,alpha chain TM
202,223,NA,alpha chain TM
203,224,NA,alpha chain TM
204,225,NA,alpha chain TM
205,226,NA,alpha chain TM
206,227,NA,alpha chain TM
207,228,NA,alpha chain TM
208,229,NA,alpha chain TM
209,230,NA,alpha chain TM
210,231,NA,alpha chain TM
211,232,NA,alpha chain TM
212,233,NA,alpha chain TM
213,234,NA,alpha chain TM
214,235,NA,alpha chain TM
215,236,NA,alpha chain TM
216,237,NA,alpha chain TM
217,238,NA,alpha chain TM
218,239,NA,alpha chain TM
219,240,NA,alpha chain TM
220,241,NA,alpha chain CT
221,242,NA,alpha chain CT
222,243,NA,alpha chain CT
223,244,NA,alpha chain CT
224,245,NA,alpha chain CT
225,246,NA,alpha chain CT
226,247,NA,alpha chain CT
227,248,NA,alpha chain CT
228,249,NA,alpha chain CT
229,250,NA,alpha chain CT
230,251,NA,alpha chain CT
231,252,NA,alpha chain CT
232,253,NA,alpha chain CT
233,254,NA,alpha chain CT
234,255,NA,alpha chain CT
235,256,NA,linker
236,257,NA,linker
237,258,NA,linker
238,259,NA,T2A
239,260,NA,T2A
240,261,NA,T2A
241,262,NA,T2A
242,263,NA,T2A
243,264,NA,T2A
244,265,NA,T2A
245,266,NA,T2A
246,267,NA,T2A
247,268,NA,T2A
248,269,NA,T2A
249,270,NA,T2A
250,271,NA,T2A
251,272,NA,T2A
252,273,NA,T2A
253,274,NA,T2A
254,275,NA,T2A
255,276,NA,T2A
256,277,NA,beta chain SP
257,278,NA,beta chain SP
258,279,NA,beta chain SP
259,280,NA,beta chain SP
260,281,NA,beta chain SP
261,282,NA,beta chain SP
262,283,NA,beta chain SP
263,284,NA,beta chain SP
264,285,NA,beta chain SP
265,286,NA,beta chain SP
266,287,NA,beta chain SP
267,288,NA,beta chain SP
268,289,NA,beta chain SP
269,290,NA,beta chain SP
270,291,NA,beta chain SP
271,292,NA,beta chain SP
272,293,NA,beta chain SP
273,294,NA,beta chain SP
274,295,NA,beta chain SP
275,296,NA,beta chain SP
276,297,NA,beta chain SP
277,298,NA,beta chain SP
278,299,NA,beta chain SP
279,300,NA,beta chain SP
280,301,NA,beta chain SP
281,302,2_b,beta chain
282,303,3_b,beta chain
283,304,4_b,beta chain
284,305,5_b,beta chain
285,306,6_b,beta chain
286,307,7_b,beta chain
287,308,8_b,beta chain
288,309,9_b,beta chain
289,310,10_b,beta chain
290,311,11_b,beta chain
291,312,12_b,beta chain
292,313,13_b,beta chain
293,314,14_b,beta chain
294,315,15_b,beta chain
295,316,16_b,beta chain
296,317,17_b,beta chain
297,318,18_b,beta chain
298,319,19_b,beta chain
299,320,20_b,beta chain
300,321,21_b,beta chain
301,322,22_b,beta chain
302,323,23_b,beta chain
303,324,24_b,beta chain
304,325,25_b,beta chain
305,326,26_b,beta chain
306,327,27_b,beta chain
307,328,28_b,beta chain
308,329,29_b,beta chain
309,330,30_b,beta chain
310,331,31_b,beta chain
311,332,32_b,beta chain
312,333,33_b,beta chain
313,334,34_b,beta chain
314,335,35_b,beta chain
315,336,36_b,beta chain
316,337,37_b,beta chain
317,338,38_b,beta chain
318,339,39_b,beta chain
319,340,40_b,beta chain
320,341,41_b,beta chain
321,342,42_b,beta chain
322,343,43_b,beta chain
323,344,44_b,beta chain
324,345,45_b,beta chain
325,346,46_b,beta chain
326,347,47_b,beta chain
327,348,48_b,beta chain
328,349,49_b,beta chain
329,350,50_b,beta chain
330,351,51_b,beta chain
331,352,52_b,beta chain
332,353,53_b,beta chain
333,354,54_b,beta chain
334,355,55_b,beta chain
335,356,56_b,beta chain
336,357,57_b,beta chain
337,358,58_b,beta chain
338,359,59_b,beta chain
339,360,60_b,beta chain
340,361,61_b,beta chain
341,362,62_b,beta chain
342,363,63_b,beta chain
343,364,64_b,beta chain
344,365,65_b,beta chain
345,366,66_b,beta chain
346,367,67_b,beta chain
347,368,68_b,beta chain
348,369,69_b,beta chain
349,370,70_b,beta chain
350,371,71_b,beta chain
351,372,72_b,beta chain
352,373,73_b,beta chain
353,374,74_b,beta chain
354,375,75_b,beta chain
355,376,76_b,beta chain
356,377,77_b,beta chain
357,378,78_b,beta chain
358,379,79_b,beta chain
359,380,80_b,beta chain
360,381,81_b,beta chain
361,382,82_b,beta chain
362,383,83_b,beta chain
363,384,84_b,beta chain
364,385,85_b,beta chain
365,386,86_b,beta chain
366,387,87_b,beta chain
367,388,88_b,beta chain
368,389,89_b,beta chain
369,390,90_b,beta chain
370,391,91_b,beta chain
371,392,92_b,beta chain
372,393,93_b,beta chain
373,394,94_b,beta chain
374,395,95_b,beta chain
375,396,96_b,beta chain
376,397,97_b,beta chain
377,398,98_b,beta chain
378,399,99_b,beta chain
379,400,100_b,beta chain
380,401,101_b,beta chain
381,402,102_b,beta chain
382,403,103_b,beta chain
383,404,104_b,beta chain
384,405,105_b,beta chain
385,406,106_b,beta chain
386,407,107_b,beta chain
387,408,108_b,beta chain
388,409,109_b,beta chain
389,410,110_b,beta chain
390,411,111_b,beta chain
391,412,112_b,beta chain
392,413,113_b,beta chain
393,414,114_b,beta chain
394,415,115_b,beta chain
395,416,116_b,beta chain
396,417,117_b,beta chain
397,418,118_b,beta chain
398,419,119_b,beta chain
399,420,120_b,beta chain
400,421,121_b,beta chain
401,422,122_b,beta chain
402,423,123_b,beta chain
403,424,124_b,beta chain
404,425,125_b,beta chain
405,426,126_b,beta chain
406,427,127_b,beta chain
407,428,128_b,beta chain
408,429,129_b,beta chain
409,430,130_b,beta chain
410,431,131_b,beta chain
411,432,132_b,beta chain
412,433,133_b,beta chain
413,434,134_b,beta chain
414,435,135_b,beta chain
415,436,136_b,beta chain
416,437,137_b,beta chain
417,438,138_b,beta chain
418,439,139_b,beta chain
419,440,140_b,beta chain
420,441,141_b,beta chain
421,442,142_b,beta chain
422,443,143_b,beta chain
423,444,144_b,beta chain
424,445,145_b,beta chain
425,446,146_b,beta chain
426,447,147_b,beta chain
427,448,148_b,beta chain
428,449,149_b,beta chain
429,450,150_b,beta chain
430,451,151_b,beta chain
431,452,152_b,beta chain
432,453,153_b,beta chain
433,454,154_b,beta chain
434,455,155_b,beta chain
435,456,156_b,beta chain
436,457,157_b,beta chain
437,458,158_b,beta chain
438,459,159_b,beta chain
439,460,160_b,beta chain
440,461,161_b,beta chain
441,462,162_b,beta chain
442,463,163_b,beta chain
443,464,164_b,beta chain
444,465,165_b,beta chain
445,466,166_b,beta chain
446,467,167_b,beta chain
447,468,168_b,beta chain
448,469,169_b,beta chain
449,470,170_b,beta chain
450,471,171_b,beta chain
451,472,172_b,beta chain
452,473,173_b,beta chain
453,474,174_b,beta chain
454,475,175_b,beta chain
455,476,176_b,beta chain
456,477,177_b,beta chain
457,478,178_b,beta chain
458,479,179_b,beta chain
459,480,180_b,beta chain
460,481,181_b,beta chain
461,482,182_b,beta chain
462,483,183_b,beta chain
463,484,184_b,beta chain
464,485,185_b,beta chain
465,486,186_b,beta chain
466,487,187_b,beta chain
467,488,188_b,beta chain
468,489,189_b,beta chain
469,490,190_b,beta chain
470,491,191_b,beta chain
471,492,192_b,beta chain
472,493,193_b,beta chain
473,494,194_b,beta chain
474,495,195_b,beta chain
475,496,196_b,beta chain
476,497,197_b,beta chain
477,498,198_b,beta chain
478,499,199_b,beta chain